{"cameraMode":{"drawMode":0,"name":"Shaded","section":"Shading Mode"},"sceneLighting":true,"audioPlay":false,"sceneViewState":{"m_AlwaysRefresh":false,"showFog":true,"showSkybox":true,"showFlares":true,"showImageEffects":true,"showParticleSystems":true,"showVisualEffectGraphs":true,"m_FxEnabled":false},"in2DMode":false,"pivot":{"x":0.35085418820381167,"y":-4.179433822631836,"z":0.06675995886325836},"rotation":{"x":-0.22876200079917909,"y":0.6720715761184692,"z":-0.6652665138244629,"w":-0.23110206425189973},"size":9.134010314941407,"orthographic":false}