{"cameraMode":{"drawMode":0,"name":"Shaded","section":"Shading Mode"},"sceneLighting":true,"audioPlay":false,"sceneViewState":{"m_AlwaysRefresh":false,"showFog":true,"showSkybox":true,"showFlares":true,"showImageEffects":true,"showParticleSystems":true,"showVisualEffectGraphs":true,"m_FxEnabled":false},"in2DMode":false,"pivot":{"x":300.7239074707031,"y":1.744802474975586,"z":110.84942626953125},"rotation":{"x":0.02282780408859253,"y":0.22102244198322297,"z":-0.0051825521513819698,"w":0.9750502109527588},"size":46.5837516784668,"orthographic":false}