{"cameraMode":{"drawMode":0,"name":"Shaded","section":"Shading Mode"},"sceneLighting":false,"audioPlay":false,"sceneViewState":{"m_AlwaysRefresh":false,"showFog":true,"showSkybox":false,"showFlares":true,"showImageEffects":true,"showParticleSystems":true,"showVisualEffectGraphs":true,"m_FxEnabled":true},"in2DMode":false,"pivot":{"x":0.23627817630767823,"y":1.2600674629211426,"z":-0.9980592727661133},"rotation":{"x":-0.04555559903383255,"y":0.952422022819519,"z":-0.24249298870563508,"w":-0.17892523109912873},"size":2.3191514015197756,"orthographic":false}